0000018BDA2AE330,TrackWall
0000018BDA2F9C70,DecoHill
0000018BD95EE830,ItemCactus
0000018BDA2AC8B0,ItemPillar
0000018BD950E630,ItemRoadSign
0000018BCCAB9DB0,PlatformIce
0000018BD950DD70,PlatformGrass
0000018BDA2AFAB0,ItemRamp
0000018BDA2AD770,PlatformTech
0000018BDA2ADD70,TechnicsTrims
0000018BDA2DD470,DecalCurbs
0000018BD269B370,DecalMarks
0000018BDA2AE030,DecalMarksRamp
0000018BD950C5F0,DecalMarksStart
0000018BDA2DE030,Structure
0000018BD950B470,SpeakerFront
0000018BD269BF30,ItemLamp
0000018BDA2DFD70,RoadBump
0000018BDA2DF1B0,RoadTech
0000018BDA2DEBF0,RoadDirt
0000018BDA2DFAB0,ScreenBack
0000018BD95EE570,DecoHill2
